query_id,prompt_token_count,answer_text
1086,6249,Sildenafil improves erectile function in men with sexual dysfunction associated with the use of selective and nonselective serotonin reuptake inhibitor antidepressants.
1088,3667,DNA damage and error-prone repair in myeloid leukemia.
1089,3714,Smc5/6 engagment drives the activation of the Mms21 SUMO ligase MmS21 by ATP-dependent remolding.
1175,4158,cathelicidins and proBac7.
1272,3101,"Using flash photolysis, we demonstrated that glutamate release is dependent on the levels of calcium in astrocytes."
1273,3620,CHD4 is a RanGTP-dependent microtubule-associated protein that stabilizes microtubulars and regulates spindle assembly.
1278,6672,Aliskiren and losartan in type 2 diabetes and nephropathy.
1280,4286,The ureABIEFGH gene cluster is required for the formation of UreD-urease complexes.
1292,4775,HNF4A gene mutations.
132,4513,Aspirin inhibits the production of prostaglandin E2 by inhibiting the expression of 15-hydroxyprostaglin dehydrogenase.
1320,3541,Transplantation of human glial progenitor cells into lineage-specific stem/progenitores of another germ layer may be a viable way to convert somatic cells into iPSCs.
1344,5045,aging process by inhibiting tumor growth and apoptosis.
1368,4597,Vitamin D deficiency affecting the term of delivery.
1370,3912,infant
230,3756,The aldehyde dehydrogenase deficiency mutation may be a surrogate for measuring alcohol consumption and may be an important risk factor for hypertension.
233,3185,X-Y genes are expressed in brain in a sex-specific manner.
312,3280,De novo assembly of sequence data has more specific contigs than unassembled sequence data.
439,3910,Wnt5a functions in planar cell polarity regulation in mice
491,4072,mutation carriers
54,3484,AMPK activation inhibits Janus kinase 1 signaling and suppresses inflammation-related fibrosis in the lungs.
552,4401,IgA autoantibodies to transglutaminase 2 are markedly expanded within the duodenal mucosa in individuals with active celiac disease.
598,5329,Primary HPV DNA screening with cytology triage was more sensitive than conventional cytological screening.
692,3851,Leuko-increased blood is a risk factor for the development of sporadic CJD.
728,3372,Ly6c(hi) monocytes have a lower inflammatory capacity than Ly6C(lo) moncells.
743,5465,Previous use of antibiotics decreases the risk of developing a first-time acute myocardial infarction.
783,3915,CD11b+ monocytes abrogate Th17 CD4+ T cell-mediated experimental autoimmune myocarditis.
808,3684,The lysosomal cysteine proteases cathepsins B and L are involved in the degradation of beta-amyloid precursor proteins.
823,3824,N348I mutation in the RT connection domain in clinical isolates.
957,3479,Molecular mechanisms of podocyte morphology and their regulation of the expression of podocalyxin.
967,3464,The role of the N-WASP–Arp2/3 complex pathway and cofilin in invadopodium formation in metastatic carcinoma cells.
