query_id,claim_index,claim_text,groundedness_verdict,judge_score,quarantine_decision,matched_sentence
1086,0,Sildenafil improves erectile function in men with sexual dysfunction associated with the use of selective and nonselective serotonin reuptake inhibitor antidepressants.,NOT_SUPPORTED,0.04953507333993912,True,Conclusion Updated QRISK3 risk prediction models were developed and validated.
1088,0,DNA damage and error-prone repair in myeloid leukemia.,SUPPORTED,0.9771937131881714,False,"Using our two-step mouse model for myeloid leukemic disease progression involving overexpression of human mutant NRAS and BCL2 genes, we show that there is a stepwise increase in the frequency of DNA damage leading to an increased frequency of error-prone repair of double-strand breaks (DSB) by nonhomologous end-joining."
1089,0,Smc5/6 engagment drives the activation of the Mms21 SUMO ligase MmS21 by ATP-dependent remolding.,SUPPORTED,0.8159573078155518,False,"In spite of the physical distance separating the E3 and the nucleotide-binding domains in Smc5/6, Mms21-dependent sumoylation requires binding of ATP to Smc5, a step that is part of the ligase mechanism that assists Ubc9 function."
1175,0,cathelicidins and proBac7.,SUPPORTED,0.9883084297180176,False,"Four cathelicidins, proBac5, proBac7, prododecapeptide and proBMAP-28, have been concurrently purified from bovine neutrophils, using simple and rapid methodologies."
1272,0,"Using flash photolysis, we demonstrated that glutamate release is dependent on the levels of calcium in astrocytes.",NOT_SUPPORTED,0.049563754349946976,True,"We used flash photolysis to raise internal calcium in astrocytes, while monitoring astrocytic calcium levels and glutamate, which evoked slow inward currents that were recorded electrophysiologically from single neurons grown on microislands of astrocytes."
1273,0,CHD4 is a RanGTP-dependent microtubule-associated protein that stabilizes microtubulars and regulates spindle assembly.,SUPPORTED,0.9305804967880249,False,CHD4 Is a RanGTP-Dependent MAP that Stabilizes Microtubules and Regulates Bipolar Spindle Formation BACKGROUND Production of the GTP-bound form of the Ran GTPase (RanGTP) around chromosomes induces spindle assembly by activating nuclear localization signal (NLS)-containing proteins.
1278,0,Aliskiren and losartan in type 2 diabetes and nephropathy.,SUPPORTED,0.9919831156730652,False,Aliskiren combined with losartan in type 2 diabetes and nephropathy.
1280,0,The ureABIEFGH gene cluster is required for the formation of UreD-urease complexes.,SUPPORTED,0.7174444198608398,False,"In vivo assembly of the Klebsiella aerogenes urease nickel metallocenter requires the presence of UreD, UreF, and UreG accessory proteins and is further facilitated by UreE."
1292,0,HNF4A gene mutations.,SUPPORTED,0.9600237607955933,False,"We assessed the in utero and neonatal role of two key regulators of pancreatic insulin secretion by studying birthweight and the incidence of neonatal hypoglycaemia in patients with heterozygous mutations in the maturity-onset diabetes of the young (MODY) genes HNF4A (encoding HNF-4α) and HNF1A/TCF1 (encoding HNF-1α), and the effect of pancreatic deletion of Hnf4a on foetal and neonatal insulin secretion in mice."
132,0,Aspirin inhibits the production of prostaglandin E2 by inhibiting the expression of 15-hydroxyprostaglin dehydrogenase.,NOT_SUPPORTED,0.27844542264938354,True,"Novel Functional Sets of Lipid-Derived Mediators with Antiinflammatory Actions Generated from Omega-3 Fatty Acids via Cyclooxygenase 2–Nonsteroidal Antiinflammatory Drugs and Transcellular Processing Aspirin therapy inhibits prostaglandin biosynthesis without directly acting on lipoxygenases, yet via acetylation of cyclooxygenase 2 (COX-2) it leads to bioactive lipoxins (LXs) epimeric at carbon 15 (15-epi-LX, also termed aspirin-triggered LX [ATL])."
1320,0,Transplantation of human glial progenitor cells into lineage-specific stem/progenitores of another germ layer may be a viable way to convert somatic cells into iPSCs.,SUPPORTED,0.5079519748687744,False,"Here we show that transient induction of the four reprogramming factors (Oct4, Sox2, Klf4, and c-Myc) can efficiently transdifferentiate fibroblasts into functional neural stem/progenitor cells (NPCs) with appropriate signaling inputs."
1344,0,aging process by inhibiting tumor growth and apoptosis.,SUPPORTED,0.5783334970474243,False,"Thus, the senescence response may be antagonistically pleiotropic, promoting early-life survival by curtailing the development of cancer but eventually limiting longevity as dysfunctional senescent cells accumulate."
1368,0,Vitamin D deficiency affecting the term of delivery.,SUPPORTED,0.5221062302589417,False,"The aims of this study were to compare in patients with established osteoporosis and differing degrees of vitamin D and PTH status : (1) the presence of Mg deficiency using the standard Mg loading test (2) evaluate the effects of Mg loading on the calcium-PTH endocrine axis (3) determine the effects of oral, short term Mg supplementation on the calcium-PTH endocrine axis and bone turnover."
1370,0,infant,NOT_SUPPORTED,0.2404499650001526,True,Vitamin D and prevention of colorectal cancer.
230,0,The aldehyde dehydrogenase deficiency mutation may be a surrogate for measuring alcohol consumption and may be an important risk factor for hypertension.,NOT_SUPPORTED,0.018413418903946877,True,"In males, we obtained an overall odds ratio of 2.42 (95% confidence interval [CI] 1.66-3.55, p = 4.8 x 10(-6)) for hypertension comparing *1*1 with *2*2 homozygotes and an odds ratio of 1.72 (95% CI 1.17-2.52, p = 0.006) comparing heterozygotes (surrogate for moderate drinkers) with *2*2 homozygotes."
233,0,X-Y genes are expressed in brain in a sex-specific manner.,SUPPORTED,0.9471740126609802,False,"Six X-linked homologues (Usp9x, Ube1x, Smcx, Eif2s3x, Utx and Dbx) were also expressed in brain, and in adulthood all of these transcripts were expressed at significantly higher levels in brains of females than in brains of males, irrespective of their X-inactivation status."
312,0,De novo assembly of sequence data has more specific contigs than unassembled sequence data.,NOT_SUPPORTED,0.07347921282052994,True,"RESULTS From 10,449 reads, 780 contigs and 1,666 singlets were annotated."
439,0,Wnt5a functions in planar cell polarity regulation in mice,SUPPORTED,0.9843363761901855,False,Wnt5a functions in planar cell polarity regulation in mice.
491,0,mutation carriers,SUPPORTED,0.7653955817222595,False,"In contrast, patients with LAMB2 missense mutations, such as R246Q, can have less severe extrarenal defects but still exhibit congenital nephrotic syndrome."
54,0,AMPK activation inhibits Janus kinase 1 signaling and suppresses inflammation-related fibrosis in the lungs.,NOT_SUPPORTED,0.01117974054068327,True,"Pharmacological activation of AMPK in myofibroblasts from lungs of humans with IPF display lower fibrotic activity, along with enhanced mitochondrial biogenesis and normalization of sensitivity to apoptosis."
552,0,IgA autoantibodies to transglutaminase 2 are markedly expanded within the duodenal mucosa in individuals with active celiac disease.,NOT_SUPPORTED,0.0698523297905922,True,"RESULTS Rectal biopsies from wheat-challenged NCWS patients showed that a significant mucosal CD45(+) infiltrate consisted of CD3(+) and CD3(-) lymphocytes, with the latter spontaneously producing more interferon (IFN)-γ than IBS controls."
598,0,Primary HPV DNA screening with cytology triage was more sensitive than conventional cytological screening.,SUPPORTED,0.9646143913269043,False,"CONCLUSIONS When incorporated into a well established organised screening programme, primary HPV screening with cytology triage was more sensitive than conventional cytology in detecting CIN III+ lesions."
692,0,Leuko-increased blood is a risk factor for the development of sporadic CJD.,SUPPORTED,0.689742922782898,False,"Multivariate analyses show that the risk of developing sporadic CJD after transfusion increases (OR, 5.05) after adjusting for possible confounding factors."
728,0,Ly6c(hi) monocytes have a lower inflammatory capacity than Ly6C(lo) moncells.,NOT_SUPPORTED,0.039775948971509933,True,"However, hematopoietic ""KLF4(-/-) chimeras"" generated by transplantation of KLF4(-/-) fetal livers cells into lethally irradiated wild-type mice completely lacked circulating inflammatory (CD115(+)Gr1(+)) monocytes, and had reduced numbers of resident (CD115(+)Gr1(-)) monocytes."
743,0,Previous use of antibiotics decreases the risk of developing a first-time acute myocardial infarction.,NOT_SUPPORTED,0.47526654601097107,True,OBJECTIVE To determine whether previous use of antibiotics decreases the risk of developing a first-time acute myocardial infarction.
783,0,CD11b+ monocytes abrogate Th17 CD4+ T cell-mediated experimental autoimmune myocarditis.,SUPPORTED,0.9815617203712463,False,CD11b+ monocytes abrogate Th17 CD4+ T cell-mediated experimental autoimmune myocarditis.
808,0,The lysosomal cysteine proteases cathepsins B and L are involved in the degradation of beta-amyloid precursor proteins.,NOT_SUPPORTED,0.026789937168359756,True,Processing of the beta-amyloid precursor.
823,0,N348I mutation in the RT connection domain in clinical isolates.,SUPPORTED,0.9836861491203308,False,"The British Columbia Centre for Excellence in HIV/AIDS (the Centre) genotypes clinical isolates up to codon 400 in RT, and our retrospective statistical analyses of the Centre’s database have identified an N348I mutation in the RT connection domain in treatment-experienced individuals."
957,0,Molecular mechanisms of podocyte morphology and their regulation of the expression of podocalyxin.,SUPPORTED,0.906396210193634,False,"RNA interference and dominant-negative mutant expression analyses revealed that neural WASP (N-WASP), Arp2/3 complex, and their upstream regulators, Nck1, Cdc42, and WIP, are necessary for invadopodium formation."
967,0,The role of the N-WASP–Arp2/3 complex pathway and cofilin in invadopodium formation in metastatic carcinoma cells.,SUPPORTED,0.7058753967285156,False,Cortactin regulates cofilin and N-WASp activities to control the stages of invadopodium assembly and maturation Invadopodia are matrix-degrading membrane protrusions in invasive carcinoma cells.
